EarlyStopEpoch,auc,acc,rmse
97,0.7124763839912135,0.6983298368866989,0.4540042
