EarlyStopEpoch,auc,acc,rmse
106,0.717657651683895,0.7046884909986827,0.45133924
