EarlyStopEpoch,auc,acc,rmse
110,0.7129004277524704,0.7026394106454603,0.45287356
