EarlyStopEpoch,auc,acc,rmse
112,0.7183858124250078,0.7043307150639931,0.4532292
