EarlyStopEpoch,auc,acc,rmse
40,0.7169358430877334,0.6936787497357337,0.4544953
